AGENT_ID,AGENT_NAME,PHONE,HIRE_DATE,CITY,VEHICLE_TYPE,STATUS
1,Kimberly Franklin,8692764434,2024-11-14 18:57:00,Mumbai,Cycle,ACTIVE
2,Carla Rogers,7727976135,2024-06-13 10:59:00,Bengaluru,Bike,INACTIVE
3,Tracy Jenkins,9244952894,2024-05-18 16:25:00,Hyderabad,Cycle,ACTIVE
4,Seth Schultz,4017910244,2023-12-15 17:35:00,Pune,Cycle,INACTIVE
5,Dylan Dougherty,2598835739,2023-08-13 15:51:00,Bengaluru,Scooter,INACTIVE
6,Robert Mendoza,1755349698,2023-10-29 03:25:00,Delhi,Bike,ACTIVE
7,William Cook,7511911755,2023-02-04 15:13:00,Bengaluru,Scooter,INACTIVE
8,Maria Gay,0371428028,2024-03-02 23:14:00,Pune,Bike,INACTIVE
9,David Kim,7234511238,2023-08-07 07:57:00,Bengaluru,Bike,ACTIVE
10,Alexander Blanchard,5758893956,2024-03-17 23:47:00,Bengaluru,Bike,INACTIVE
11,Sarah Flores,7344760311,2023-12-12 07:31:00,Bengaluru,Cycle,ACTIVE
12,David Watson,2260942389,2024-05-16 07:00:00,Chennai,Bike,ACTIVE
13,Amber Stevens,1526014585,2023-09-19 23:23:00,Bengaluru,Bike,INACTIVE
14,Ronald Armstrong,5195026094,2024-05-19 21:15:00,Bengaluru,Scooter,ACTIVE
15,Kevin Walker,2967853493,2023-08-09 16:34:00,Hyderabad,Cycle,ACTIVE
16,Maria Henry,3489704114,2023-01-29 14:08:00,Bengaluru,Cycle,ACTIVE
17,Nicole King,4961993968,2023-02-22 00:29:00,Delhi,Scooter,ACTIVE
18,Janice Price,1708023980,2023-02-16 16:16:00,Mumbai,Bike,INACTIVE
19,Tina Meyer,1004556629,2023-07-06 09:13:00,Pune,Cycle,INACTIVE
20,Ruben Miller,2383995075,2023-05-11 10:11:00,Pune,Cycle,INACTIVE
21,Cindy Juarez,2350149347,2024-05-04 08:19:00,Mumbai,Scooter,INACTIVE
22,Meghan Anderson,2459781831,2023-03-04 14:29:00,Delhi,Bike,ACTIVE
23,Jessica Pacheco,3609690584,2023-12-10 07:28:00,Pune,Scooter,ACTIVE
24,Vanessa Ramirez,3125411392,2023-05-13 00:49:00,Pune,Bike,ACTIVE
25,Cheryl Walker,5976053517,2024-09-28 11:47:00,Pune,Cycle,ACTIVE
26,Ashley Norman,7591867084,2023-08-28 10:42:00,Chennai,Cycle,INACTIVE
27,Edward Rodriguez,3121838598,2023-01-12 18:20:00,Bengaluru,Cycle,INACTIVE
28,Cory Murphy,7822250170,2024-07-06 08:58:00,Delhi,Scooter,INACTIVE
29,Darrell Johnson,6367507301,2023-12-01 15:14:00,Chennai,Cycle,ACTIVE
30,Jonathan Chan,7676883967,2024-04-02 08:59:00,Delhi,Bike,ACTIVE
31,Jade Garcia,6301691719,2023-11-19 08:53:00,Bengaluru,Cycle,INACTIVE
32,Thomas Moran,2777062519,2023-03-28 12:37:00,Chennai,Cycle,INACTIVE
33,Wendy Washington,3573406575,2024-03-05 16:31:00,Delhi,Bike,ACTIVE
34,Jonathan Buchanan,2117466657,2023-02-19 03:59:00,Chennai,Scooter,INACTIVE
35,Wendy Rodriguez,6561086724,2023-11-20 20:31:00,Chennai,Cycle,ACTIVE
36,Scott Lopez,1015449440,2023-02-06 00:49:00,Bengaluru,Bike,INACTIVE
37,Ryan Osborne,8098060202,2024-10-04 02:40:00,Delhi,Bike,INACTIVE
38,Bobby Gonzalez,2677612169,2024-10-06 18:23:00,Bengaluru,Scooter,INACTIVE
39,Lori White,9138497917,2023-01-20 19:29:00,Bengaluru,Scooter,INACTIVE
40,Melissa Ortega,5908434598,2024-03-19 12:15:00,Delhi,Cycle,INACTIVE
41,Amber Sanchez,9730133704,2023-01-06 01:40:00,Bengaluru,Bike,INACTIVE
42,Allison Mckay,1111431560,2023-02-08 00:46:00,Delhi,Cycle,INACTIVE
43,Eric Moreno,6842330474,2023-09-18 12:14:00,Delhi,Cycle,INACTIVE
44,Ebony Kim,6445008644,2024-01-30 18:02:00,Mumbai,Scooter,INACTIVE
45,Kathleen Steele,2847678084,2023-12-26 05:48:00,Delhi,Scooter,ACTIVE
46,Colin Holmes,4759393957,2023-10-16 18:49:00,Hyderabad,Cycle,ACTIVE
47,Sonya Taylor,6648015200,2023-10-16 13:31:00,Pune,Bike,INACTIVE
48,Michael Baker,1884904372,2024-03-30 14:24:00,Bengaluru,Bike,ACTIVE
49,Sarah Lawson,9722897518,2024-06-27 01:20:00,Chennai,Scooter,INACTIVE
50,Maria Smith,7151421878,2023-03-23 03:02:00,Hyderabad,Bike,ACTIVE
51,Luke Moore,8640228252,2024-11-14 03:38:00,Pune,Scooter,ACTIVE
52,Mrs. Cathy Hansen,4376891384,2024-11-28 22:27:00,Delhi,Bike,ACTIVE
53,Kyle Morrison,7322208138,2024-01-12 19:19:00,Delhi,Cycle,ACTIVE
54,Diana Jenkins,1350491099,2023-11-12 08:12:00,Bengaluru,Scooter,ACTIVE
55,Anthony Mcconnell DVM,8946273208,2024-03-25 02:24:00,Pune,Scooter,ACTIVE
56,Mr. Todd Ferguson Jr.,4225694853,2024-10-09 14:46:00,Chennai,Scooter,INACTIVE
57,Phyllis Weeks,6647050035,2024-05-10 22:34:00,Pune,Bike,ACTIVE
58,Kenneth Williams,2717746710,2024-10-02 01:21:00,Chennai,Bike,ACTIVE
59,Alan Ellis,2431041711,2024-12-18 08:26:00,Bengaluru,Cycle,INACTIVE
60,Thomas Johnson,1678782899,2024-02-16 16:06:00,Bengaluru,Bike,INACTIVE
61,Joseph Graham,5963535335,2023-11-11 12:49:00,Bengaluru,Scooter,INACTIVE
62,Joy Orr,9157073823,2023-10-27 09:29:00,Pune,Cycle,INACTIVE
63,Tammy Cooper,1924339094,2023-10-17 12:28:00,Chennai,Cycle,ACTIVE
64,Steven Bray,6741251394,2023-09-15 23:19:00,Delhi,Bike,ACTIVE
65,Andrew Kane,0074785487,2023-07-09 17:21:00,Bengaluru,Bike,ACTIVE
66,Natasha Fox,8376475070,2024-03-30 21:35:00,Mumbai,Scooter,INACTIVE
67,Stephanie Taylor,8690424607,2024-05-19 20:19:00,Chennai,Bike,INACTIVE
68,Julie Hernandez,4205493504,2023-11-29 19:36:00,Bengaluru,Cycle,INACTIVE
69,Chase Williamson,9812152814,2023-11-03 18:05:00,Hyderabad,Scooter,ACTIVE
70,Jerry Mooney,7350012894,2023-01-06 19:36:00,Chennai,Scooter,INACTIVE
71,Michele Burns,3320380154,2023-12-14 18:34:00,Delhi,Scooter,ACTIVE
72,Michael Moore,5733067022,2024-08-16 05:16:00,Chennai,Cycle,INACTIVE
73,Craig Park,6239057188,2024-07-27 17:10:00,Pune,Cycle,ACTIVE
74,Nicole Morales,5437742010,2024-10-21 16:16:00,Mumbai,Scooter,INACTIVE
75,Christy Mack,6027849989,2024-11-13 21:47:00,Chennai,Scooter,INACTIVE
76,Sarah Mcintosh,7361345920,2023-09-18 19:31:00,Pune,Bike,INACTIVE
77,Paul Bauer,5506772766,2024-06-27 01:32:00,Delhi,Bike,INACTIVE
78,Douglas Gibbs,6688242621,2023-06-01 11:58:00,Bengaluru,Cycle,ACTIVE
79,Carol Lewis,3241040680,2024-07-04 15:30:00,Bengaluru,Scooter,ACTIVE
80,Lindsey Gregory,2416447901,2024-07-05 19:30:00,Pune,Scooter,INACTIVE
81,Jessica Powell,1137953606,2024-03-21 15:37:00,Pune,Scooter,INACTIVE
82,Susan Hubbard,3585600800,2023-02-28 23:37:00,Hyderabad,Bike,ACTIVE
83,Ashley Thompson,2432167980,2024-09-07 06:28:00,Delhi,Bike,INACTIVE
84,Douglas Garcia,6529292443,2023-09-17 04:18:00,Delhi,Cycle,ACTIVE
85,Todd Hawkins,2227828945,2023-04-26 15:18:00,Pune,Cycle,INACTIVE
86,Jennifer Rogers,9244029143,2023-01-16 18:07:00,Delhi,Scooter,INACTIVE
87,Jonathan Mason,4027996634,2023-11-23 19:37:00,Bengaluru,Bike,INACTIVE
88,Justin Merritt,4418834830,2024-10-30 14:53:00,Chennai,Bike,INACTIVE
89,Joseph Hardy,7250094333,2024-05-11 01:35:00,Chennai,Scooter,INACTIVE
90,Kristy Murphy,0375410827,2024-04-01 16:17:00,Pune,Bike,INACTIVE
91,Colin Leonard,3409340639,2023-02-04 12:07:00,Pune,Scooter,ACTIVE
92,Riley Johnson,4852392235,2023-05-19 12:27:00,Chennai,Bike,ACTIVE
93,Kimberly Salazar,3161300878,2024-01-04 12:34:00,Delhi,Scooter,INACTIVE
94,Debra Martin,8512063677,2023-02-06 21:50:00,Hyderabad,Cycle,INACTIVE
95,William Fisher,0136542724,2024-04-14 11:03:00,Mumbai,Scooter,INACTIVE
96,Jacqueline Harrison,1676510585,2024-10-07 07:23:00,Pune,Scooter,INACTIVE
97,Kyle Barnes,7052501204,2024-07-16 09:11:00,Delhi,Scooter,INACTIVE
98,Adam Thornton,8866384541,2024-12-27 22:50:00,Chennai,Scooter,INACTIVE
99,Rebecca Wang,5161758245,2024-11-20 13:59:00,Mumbai,Bike,INACTIVE
100,Melissa Williams,5476718686,2024-12-07 09:16:00,Mumbai,Bike,INACTIVE
101,Jerry Hall,5464324270,2023-01-28 19:17:00,Delhi,Bike,ACTIVE
102,Jessica Alexander,7521034739,2024-12-03 15:20:00,Mumbai,Scooter,INACTIVE
103,Michele Jones,3147573950,2023-05-14 18:01:00,Chennai,Cycle,ACTIVE
104,Donald Rangel,1963289872,2024-05-01 13:16:00,Hyderabad,Scooter,INACTIVE
105,Joshua Patel,8595545448,2023-03-03 18:57:00,Hyderabad,Scooter,ACTIVE
106,Tim White,8900060965,2024-10-22 14:33:00,Pune,Bike,ACTIVE
107,Rodney Moore,1232264852,2024-02-24 14:27:00,Hyderabad,Cycle,ACTIVE
108,Beth Lopez,1392594448,2024-10-13 06:23:00,Pune,Scooter,INACTIVE
109,Jennifer Sherman,3748726195,2023-09-28 18:27:00,Mumbai,Cycle,INACTIVE
110,Eddie Reed,9320296024,2023-07-21 23:37:00,Delhi,Bike,ACTIVE
111,Gregory Lamb,7405506366,2024-05-08 20:35:00,Pune,Bike,INACTIVE
112,Michelle Johnson,7813500217,2023-12-30 07:38:00,Pune,Scooter,INACTIVE
113,Benjamin Stanley,4346252185,2024-11-28 17:56:00,Delhi,Bike,INACTIVE
114,Richard Gardner,3544779427,2024-05-17 03:37:00,Pune,Scooter,ACTIVE
115,Karla George,5881174407,2024-08-23 03:48:00,Pune,Bike,INACTIVE
116,John Leonard,9432924736,2024-08-18 11:23:00,Bengaluru,Cycle,INACTIVE
117,Kimberly Cantrell,9253525924,2023-06-27 11:42:00,Hyderabad,Bike,INACTIVE
118,Peggy Pugh,8839880325,2023-02-06 03:22:00,Pune,Cycle,ACTIVE
119,Bryan Roman,1215488819,2023-12-24 14:34:00,Hyderabad,Scooter,ACTIVE
120,Barbara Lawson,8068202667,2024-05-06 21:19:00,Hyderabad,Bike,ACTIVE
121,Stephanie Harvey,3755559170,2023-02-24 16:19:00,Chennai,Bike,ACTIVE
122,Daniel Moss,1317102095,2024-06-20 02:09:00,Mumbai,Bike,INACTIVE
123,Ronald Hughes,7204603342,2024-08-16 00:37:00,Mumbai,Bike,INACTIVE
124,Kristin Robinson,9705314966,2023-11-03 07:54:00,Mumbai,Scooter,ACTIVE
125,Matthew Wilkinson,7365653236,2023-10-13 21:16:00,Delhi,Bike,ACTIVE
126,Karen White,1017902758,2023-04-03 23:46:00,Pune,Cycle,INACTIVE
127,Deborah Keller,0083300350,2024-09-17 20:55:00,Bengaluru,Bike,ACTIVE
128,Yvette Peterson,0297131436,2024-08-09 10:15:00,Pune,Scooter,ACTIVE
129,Ruben Blake,5658038773,2023-09-11 02:19:00,Bengaluru,Cycle,ACTIVE
130,Tiffany Mann,4636369107,2024-07-20 15:46:00,Hyderabad,Bike,INACTIVE
131,Monique Williams,4763158852,2024-03-21 12:11:00,Hyderabad,Scooter,ACTIVE
132,Jasmine Alexander,5653405150,2023-03-26 22:18:00,Mumbai,Bike,ACTIVE
133,Ryan Johns,3040668706,2023-08-25 19:12:00,Chennai,Bike,INACTIVE
134,Angela Garcia,2360234776,2024-09-09 13:08:00,Pune,Cycle,INACTIVE
135,Joyce Mejia,6693565835,2024-10-23 19:47:00,Delhi,Bike,ACTIVE
136,Paula Rivas,0533598142,2024-08-10 09:54:00,Mumbai,Cycle,ACTIVE
137,Juan Esparza,7456774417,2024-05-08 12:11:00,Chennai,Cycle,INACTIVE
138,Eric Wood,5333798586,2023-06-12 18:05:00,Hyderabad,Scooter,INACTIVE
139,Jennifer Lewis,1470929891,2023-09-06 16:10:00,Chennai,Scooter,ACTIVE
140,Aaron Bennett,1132856406,2023-11-10 21:25:00,Hyderabad,Cycle,INACTIVE
141,Amanda Griffin,6017099764,2023-02-24 08:18:00,Bengaluru,Cycle,ACTIVE
142,Joshua Clark,0298205139,2024-04-04 16:12:00,Mumbai,Cycle,ACTIVE
143,Meghan Little,1351991424,2024-04-09 19:38:00,Mumbai,Bike,INACTIVE
144,Matthew Acevedo,1294246098,2023-06-12 12:12:00,Bengaluru,Scooter,INACTIVE
145,Katherine Parker,2536288186,2023-07-22 05:23:00,Pune,Scooter,ACTIVE
146,Jennifer Scott,8349569328,2023-10-12 22:20:00,Chennai,Scooter,ACTIVE
147,Amber Mckinney,6711899712,2024-12-08 15:54:00,Mumbai,Scooter,INACTIVE
148,Rodney Charles,2954093977,2024-12-25 16:38:00,Hyderabad,Bike,INACTIVE
149,Robert Thompson,4571382471,2024-08-31 02:42:00,Mumbai,Cycle,INACTIVE
150,Donald Higgins,0907592161,2024-03-29 05:39:00,Hyderabad,Scooter,INACTIVE
151,Elizabeth Reilly,5691381107,2023-09-21 16:59:00,Hyderabad,Scooter,ACTIVE
152,Kyle Galvan,7105887418,2023-02-23 10:03:00,Bengaluru,Scooter,INACTIVE
153,Sean Ballard,0997900834,2024-12-22 05:38:00,Hyderabad,Scooter,INACTIVE
154,Robert Thomas,1049076368,2023-11-18 06:14:00,Chennai,Scooter,ACTIVE
155,Stephanie Martin,5287778848,2023-11-21 16:35:00,Mumbai,Bike,ACTIVE
156,Samantha Fleming,1932735090,2023-05-25 00:37:00,Delhi,Bike,INACTIVE
157,Kyle Foster,3538560226,2023-03-21 00:16:00,Pune,Bike,ACTIVE
158,Joshua Hernandez,2633231514,2023-05-18 20:18:00,Delhi,Bike,ACTIVE
159,Courtney Edwards,6218648215,2024-04-12 01:55:00,Mumbai,Scooter,INACTIVE
160,Gregory Romero,6304843224,2024-03-24 18:03:00,Bengaluru,Scooter,INACTIVE
161,Scott Gardner,0988963422,2023-08-16 12:12:00,Delhi,Bike,ACTIVE
162,Anita Bautista,6751202075,2024-08-19 07:09:00,Delhi,Bike,ACTIVE
163,Scott Frye,0805449916,2024-11-08 02:42:00,Bengaluru,Bike,INACTIVE
164,Emily Vance,8657991048,2024-06-07 10:18:00,Delhi,Scooter,INACTIVE
165,Ronnie Klein,7290591637,2023-08-19 03:07:00,Mumbai,Scooter,ACTIVE
166,Edgar Spence,0259072891,2024-12-12 01:34:00,Chennai,Cycle,ACTIVE
167,Cody Knight,3039892534,2024-11-11 23:39:00,Pune,Scooter,ACTIVE
168,Michelle Myers,8831855501,2023-04-05 15:23:00,Delhi,Scooter,ACTIVE
169,Michael Mason,5679261958,2024-05-26 07:57:00,Bengaluru,Bike,ACTIVE
170,Andrew Miller,9257673955,2024-12-23 23:54:00,Pune,Bike,INACTIVE
171,Brandi Gutierrez,8873319818,2023-08-07 08:03:00,Hyderabad,Scooter,ACTIVE
172,Crystal Garcia MD,4532270355,2023-03-27 00:11:00,Bengaluru,Cycle,INACTIVE
173,Daniel Faulkner,5603133943,2024-08-02 05:51:00,Pune,Bike,ACTIVE
174,Gail Hill,2392773956,2024-07-18 21:02:00,Mumbai,Bike,INACTIVE
175,Kyle Fischer,8771169196,2023-01-16 00:00:00,Pune,Bike,ACTIVE
176,Bonnie Gilbert,6266680134,2024-06-20 13:00:00,Delhi,Scooter,INACTIVE
177,Angela Martinez,7340011670,2024-02-17 01:48:00,Mumbai,Cycle,INACTIVE
178,Lisa Robinson,8976085865,2023-03-29 09:14:00,Mumbai,Scooter,ACTIVE
179,Brandon Butler,7694162966,2023-10-11 16:04:00,Bengaluru,Bike,ACTIVE
180,Melissa Murphy,1635702529,2023-02-03 10:20:00,Delhi,Bike,ACTIVE
181,Robin Perez,1430873807,2023-11-20 08:16:00,Bengaluru,Cycle,ACTIVE
182,Ryan Watson,5619416412,2024-08-08 11:11:00,Hyderabad,Cycle,INACTIVE
183,Lori Lee,3218287355,2023-03-01 05:09:00,Pune,Scooter,ACTIVE
184,Sonya Sanchez,3498608396,2024-12-20 09:21:00,Pune,Scooter,INACTIVE
185,Mr. Timothy Douglas,6366599551,2024-03-03 01:41:00,Delhi,Scooter,INACTIVE
186,Jacqueline Anderson,0629829954,2024-01-21 05:06:00,Delhi,Scooter,INACTIVE
187,Patrick Warren,2984667560,2023-01-09 09:19:00,Mumbai,Bike,INACTIVE
188,Mr. Matthew Barker Jr.,6421510821,2024-02-15 08:54:00,Bengaluru,Scooter,INACTIVE
189,Jasmine Martinez,3250489752,2024-11-09 23:37:00,Hyderabad,Scooter,ACTIVE
190,Holly Garcia,2095237406,2024-05-18 11:31:00,Delhi,Bike,ACTIVE
191,Jaime Glover,9845156440,2024-05-25 17:01:00,Bengaluru,Bike,INACTIVE
192,Karen Michael,2184807736,2024-07-29 19:02:00,Bengaluru,Scooter,ACTIVE
193,Amy Guerrero,6065656116,2024-01-13 18:59:00,Bengaluru,Bike,INACTIVE
194,Patricia Carlson,7391284047,2024-11-18 11:16:00,Delhi,Scooter,ACTIVE
195,David Ellis,8559707858,2024-07-24 05:48:00,Pune,Scooter,INACTIVE
196,Sarah Burns,4496501256,2023-11-30 01:35:00,Delhi,Scooter,INACTIVE
197,Sheila Cruz,1039055718,2023-04-04 10:12:00,Delhi,Cycle,ACTIVE
198,Robert Jones,0286005040,2024-10-01 08:53:00,Mumbai,Cycle,INACTIVE
199,Renee Ewing,3074937146,2024-05-20 21:28:00,Bengaluru,Cycle,ACTIVE
200,Perry Morris,7928494910,2024-12-17 11:49:00,Bengaluru,Bike,INACTIVE
201,Michael Sullivan,5963270016,2023-05-07 07:45:00,Pune,Cycle,INACTIVE
202,Mitchell Watson,2753772622,2023-07-01 14:01:00,Hyderabad,Scooter,INACTIVE
203,Jody Colon,8536441664,2023-02-14 10:00:00,Mumbai,Scooter,ACTIVE
204,Rebecca Harrison,3915742132,2024-02-25 19:13:00,Chennai,Cycle,ACTIVE
205,Carmen Sanchez,0289964329,2023-10-29 05:06:00,Bengaluru,Scooter,INACTIVE
206,Brandon Riley,8481932565,2024-11-06 18:23:00,Bengaluru,Scooter,ACTIVE
207,Richard Smith,4974200190,2023-02-15 14:38:00,Hyderabad,Bike,INACTIVE
208,Joe Beck,1808858321,2023-08-14 14:32:00,Delhi,Cycle,INACTIVE
209,Anna Medina,8528429791,2023-06-07 22:55:00,Mumbai,Cycle,INACTIVE
210,Cathy Robinson,9144452482,2024-02-05 14:01:00,Chennai,Bike,ACTIVE
211,Tyrone Patterson,9462038397,2023-11-17 08:35:00,Bengaluru,Scooter,ACTIVE
212,John Park,9912349003,2023-11-27 01:17:00,Bengaluru,Scooter,INACTIVE
213,Danny Palmer,8901806232,2023-01-15 02:44:00,Chennai,Scooter,INACTIVE
214,Peter Russell,9377009759,2023-04-24 18:19:00,Bengaluru,Bike,INACTIVE
215,Victor Gregory,5161524019,2024-04-29 18:53:00,Delhi,Bike,INACTIVE
216,Michael Sandoval,4389293714,2024-01-12 12:22:00,Pune,Scooter,ACTIVE
217,Douglas Solis,0653405293,2024-06-26 21:20:00,Pune,Scooter,INACTIVE
218,Kevin Freeman,9164179385,2023-02-16 14:47:00,Pune,Scooter,ACTIVE
219,Shirley Wiley,3019635307,2024-12-05 03:09:00,Hyderabad,Cycle,ACTIVE
220,Loretta Hill,6796446772,2023-07-01 18:53:00,Mumbai,Scooter,ACTIVE
221,Jessica Norman,7163780370,2023-09-23 07:00:00,Bengaluru,Cycle,ACTIVE
222,Carlos Lynch,2453652990,2023-04-24 12:22:00,Mumbai,Scooter,ACTIVE
223,Adam Koch,9702145719,2024-01-08 21:14:00,Pune,Cycle,ACTIVE
224,Brianna Davis,0101982143,2023-07-20 14:25:00,Pune,Scooter,ACTIVE
225,Jeffery Gonzalez Jr.,1064896696,2024-06-20 23:08:00,Hyderabad,Bike,ACTIVE
226,Linda Gibson,7150875835,2024-12-04 01:32:00,Delhi,Cycle,INACTIVE
227,Ryan Porter,4756985679,2023-10-21 23:29:00,Pune,Cycle,INACTIVE
228,Margaret Rodgers,3760979417,2024-08-28 18:12:00,Hyderabad,Bike,ACTIVE
229,Reginald Gallagher,0417090571,2023-06-30 22:54:00,Mumbai,Scooter,INACTIVE
230,John Porter,7507009969,2023-05-13 02:04:00,Hyderabad,Bike,INACTIVE
231,Joshua Mccarty,7088935321,2023-04-09 00:29:00,Hyderabad,Cycle,ACTIVE
232,Robert Miller,6392752256,2023-06-02 12:12:00,Pune,Cycle,ACTIVE
233,Abigail Moore,7197630393,2023-03-13 13:46:00,Chennai,Bike,ACTIVE
234,Shane Johnston,1692258628,2024-10-31 13:35:00,Chennai,Bike,INACTIVE
235,Ann Carpenter,3567633760,2023-03-05 07:43:00,Delhi,Scooter,INACTIVE
236,Michele Wells,9982351379,2024-09-29 03:36:00,Delhi,Bike,INACTIVE
237,Laura Hall,2297773682,2024-03-24 12:55:00,Bengaluru,Scooter,INACTIVE
238,William Smith,8602567992,2023-06-05 19:32:00,Pune,Scooter,INACTIVE
239,Willie Morgan,3262776084,2023-07-17 13:10:00,Bengaluru,Bike,INACTIVE
240,Carolyn Black,0645462394,2023-09-07 12:49:00,Hyderabad,Scooter,ACTIVE
241,Jordan Vega,1780870929,2023-05-28 02:04:00,Hyderabad,Bike,ACTIVE
242,Cynthia Morales,9725722983,2023-12-01 09:25:00,Delhi,Bike,ACTIVE
243,Mrs. Beth Hayes,0786981995,2024-02-01 20:58:00,Delhi,Bike,INACTIVE
244,Jacob Chase,5429030602,2024-07-26 15:48:00,Mumbai,Cycle,INACTIVE
245,Ernest Lee,0264664787,2023-04-10 18:17:00,Mumbai,Cycle,INACTIVE
246,Tracey Fuentes,6760518244,2023-05-01 01:54:00,Bengaluru,Cycle,ACTIVE
247,Joshua Smith,0376588673,2024-03-23 13:17:00,Delhi,Cycle,INACTIVE
248,Stephen Wong,1244228166,2024-06-11 09:48:00,Mumbai,Cycle,ACTIVE
249,Dr. Pam Duarte,3753520640,2023-01-28 00:11:00,Delhi,Scooter,ACTIVE
250,Matthew Ortiz,7113965971,2023-08-19 23:56:00,Delhi,Cycle,INACTIVE
251,Dylan Nunez,2803884194,2023-01-02 18:12:00,Hyderabad,Cycle,INACTIVE
252,Kathryn Leonard PhD,7962361911,2023-02-09 13:06:00,Delhi,Cycle,ACTIVE
253,Crystal Lin,5449617061,2024-04-26 12:43:00,Hyderabad,Bike,INACTIVE
254,Frank Norton,6926947022,2023-10-17 15:57:00,Hyderabad,Bike,INACTIVE
255,Sarah Mendoza,2893756949,2024-07-21 08:16:00,Bengaluru,Scooter,INACTIVE
256,Daniel Jones,7606083854,2023-01-16 04:19:00,Pune,Cycle,ACTIVE
257,Benjamin Greer,4928621614,2023-06-13 15:32:00,Pune,Scooter,INACTIVE
258,Matthew Stewart,7836446723,2023-04-27 06:25:00,Bengaluru,Cycle,ACTIVE
259,Dr. Samantha Foster,4212260956,2023-11-25 21:31:00,Bengaluru,Bike,INACTIVE
260,Angela Kennedy,3853183771,2024-05-17 11:12:00,Delhi,Scooter,ACTIVE
261,Phillip Kennedy,0445536962,2024-07-09 17:20:00,Bengaluru,Cycle,INACTIVE
262,Susan Perez,5175640167,2023-07-04 16:32:00,Delhi,Bike,INACTIVE
263,Hunter Mercado,8284646287,2023-06-13 17:25:00,Mumbai,Cycle,INACTIVE
264,Walter Smith,8096458738,2023-01-03 15:10:00,Mumbai,Scooter,INACTIVE
265,Ashley Dixon,1532855886,2023-08-18 06:16:00,Bengaluru,Scooter,ACTIVE
266,Natalie Thompson,8710695721,2024-07-03 12:18:00,Bengaluru,Scooter,INACTIVE
267,Savannah Ortiz,8890380862,2023-02-27 03:59:00,Mumbai,Scooter,ACTIVE
268,Jennifer Mccoy MD,2753701308,2023-09-16 15:58:00,Bengaluru,Bike,INACTIVE
269,Jennifer Mullins,0469096226,2024-07-20 17:24:00,Pune,Cycle,INACTIVE
270,Valerie Gardner,7163662484,2023-01-14 12:20:00,Bengaluru,Bike,ACTIVE
271,Eric Randolph,2837743387,2024-06-27 21:40:00,Delhi,Bike,ACTIVE
272,Cindy Khan,6056736409,2024-01-03 03:09:00,Delhi,Bike,ACTIVE
273,David Strong,9003890267,2023-01-23 00:06:00,Pune,Scooter,ACTIVE
274,Willie Mccall,6171194209,2023-10-09 12:45:00,Bengaluru,Scooter,INACTIVE
275,William Kim,8110840051,2024-08-17 20:36:00,Mumbai,Bike,ACTIVE
276,Maria Hughes,0623827347,2024-04-29 13:53:00,Chennai,Cycle,ACTIVE
277,Gary Lee,3514418873,2024-01-27 19:10:00,Hyderabad,Cycle,INACTIVE
278,Mckenzie Moore,6595758780,2024-04-03 07:43:00,Hyderabad,Scooter,ACTIVE
279,Daniel Mason,8389923820,2023-02-13 19:21:00,Mumbai,Cycle,INACTIVE
280,Kellie Davis,1219125467,2023-07-02 06:57:00,Hyderabad,Bike,INACTIVE
281,David Campos,1170256876,2023-02-22 12:31:00,Pune,Bike,INACTIVE
282,Courtney Dyer,3930605876,2023-02-16 14:58:00,Bengaluru,Bike,INACTIVE
283,Justin Sanchez,8639421525,2023-05-07 06:56:00,Pune,Bike,INACTIVE
284,Amber Kent,8176736945,2024-09-22 02:57:00,Mumbai,Cycle,INACTIVE
285,Eddie Larsen,4391492013,2024-07-02 02:22:00,Hyderabad,Bike,INACTIVE
286,Nicole Bridges,8756443718,2024-02-03 19:44:00,Delhi,Bike,INACTIVE
287,Carla Davis,2313164859,2023-11-01 07:05:00,Pune,Scooter,ACTIVE
288,Roger Hernandez,8906995616,2023-03-28 22:27:00,Delhi,Cycle,INACTIVE
289,Kelly Pena,0640950640,2024-12-10 20:20:00,Delhi,Scooter,INACTIVE
290,Samantha Fisher,5045170258,2024-07-19 04:00:00,Delhi,Bike,INACTIVE
291,Samantha Turner,0521314103,2023-04-22 10:01:00,Pune,Cycle,ACTIVE
292,Brenda Rivera,8891513759,2024-10-30 03:40:00,Hyderabad,Scooter,INACTIVE
293,Dana Wang,8737552052,2024-02-25 07:47:00,Mumbai,Cycle,ACTIVE
294,Nicholas Torres,8117189227,2023-05-12 06:46:00,Bengaluru,Scooter,ACTIVE
295,Alan Hudson,0246669854,2023-08-04 08:12:00,Mumbai,Cycle,ACTIVE
296,Micheal Thompson,9735073252,2023-04-17 22:34:00,Hyderabad,Scooter,ACTIVE
297,Allison Johnson,5651748346,2023-05-29 11:04:00,Bengaluru,Cycle,ACTIVE
298,Rachel Harris DVM,4493797004,2024-05-22 00:33:00,Delhi,Bike,ACTIVE
299,William Rivera,8904804764,2023-11-14 08:22:00,Hyderabad,Scooter,INACTIVE
300,Mary Mclaughlin,9367680321,2024-03-15 17:34:00,Delhi,Scooter,ACTIVE
301,Christopher Miller,6121025038,2024-05-26 22:15:00,Mumbai,Scooter,ACTIVE
302,Don Smith,4738851999,2023-06-14 15:50:00,Delhi,Scooter,INACTIVE
303,Jason Nielsen,5110922204,2024-03-12 06:54:00,Pune,Cycle,ACTIVE
304,John Hall,3016423548,2024-01-01 07:00:00,Pune,Bike,ACTIVE
305,Thomas Lopez,9366088275,2024-07-22 17:56:00,Mumbai,Bike,ACTIVE
306,Mary Stewart,4605273341,2023-02-14 19:15:00,Pune,Bike,ACTIVE
307,Mr. Bill Brown,0298219140,2024-09-15 19:49:00,Hyderabad,Bike,INACTIVE
308,Michelle Flores,1485329877,2024-04-20 17:03:00,Bengaluru,Cycle,INACTIVE
309,Michael Pearson,6717060170,2024-01-06 03:23:00,Hyderabad,Cycle,INACTIVE
310,Elizabeth Carroll,2765280052,2023-05-22 03:33:00,Bengaluru,Cycle,INACTIVE
311,Willie Cherry,8376782940,2023-07-12 13:46:00,Pune,Cycle,ACTIVE
312,Michael Parker,4231961360,2024-06-01 22:08:00,Chennai,Bike,INACTIVE
313,Tracey Chan,1985221913,2024-07-11 19:35:00,Pune,Bike,ACTIVE
314,Amber Hill,1094582541,2024-01-23 13:37:00,Hyderabad,Cycle,ACTIVE
315,Cathy Koch,5890275262,2023-06-13 16:36:00,Hyderabad,Bike,INACTIVE
316,Stephen Hayes,2297716616,2023-06-17 12:36:00,Mumbai,Cycle,INACTIVE
317,Ian Curtis,0794763282,2024-01-22 11:00:00,Hyderabad,Bike,INACTIVE
318,Christina Davis,9115795894,2024-07-13 02:33:00,Chennai,Scooter,ACTIVE
319,Cristian Contreras,5999249609,2023-06-10 21:32:00,Delhi,Bike,INACTIVE
320,Lisa Arellano,4950025714,2024-09-11 15:06:00,Bengaluru,Bike,ACTIVE
321,Benjamin Ponce,2171168840,2023-02-12 19:01:00,Bengaluru,Cycle,ACTIVE
322,Jennifer Andersen,5824409496,2023-09-28 19:04:00,Chennai,Bike,INACTIVE
323,Brandi Gonzalez,5918914008,2023-09-22 08:47:00,Hyderabad,Scooter,ACTIVE
324,Ronald Walker,7039776973,2023-10-06 18:13:00,Mumbai,Bike,INACTIVE
325,Nathan Bauer,3166935576,2024-03-02 10:51:00,Hyderabad,Scooter,INACTIVE
326,Timothy Flynn,2441435650,2024-10-11 04:37:00,Pune,Bike,ACTIVE
327,Kristin Rios,7745506686,2023-04-13 07:23:00,Bengaluru,Cycle,ACTIVE
328,Joseph Arellano,1048699697,2024-03-08 14:25:00,Chennai,Cycle,INACTIVE
329,Richard Duarte,2419834368,2023-11-01 01:54:00,Delhi,Cycle,INACTIVE
330,Jason Cunningham,8859110854,2024-10-12 23:20:00,Delhi,Bike,ACTIVE
331,Derrick Stewart,6452489564,2024-06-27 17:01:00,Chennai,Cycle,ACTIVE
332,Austin Grimes,7480523031,2024-12-20 07:13:00,Pune,Cycle,ACTIVE
333,Leslie Richardson,1468401927,2024-10-19 11:24:00,Chennai,Bike,INACTIVE
334,Jennifer Knight,4159484925,2023-04-20 04:19:00,Pune,Cycle,INACTIVE
335,Daniel Rice,9257442980,2023-01-24 09:48:00,Bengaluru,Scooter,INACTIVE
336,Ryan Gutierrez,3771822034,2024-05-13 18:26:00,Chennai,Bike,ACTIVE
337,Adam White,5117894163,2024-10-08 15:00:00,Mumbai,Cycle,ACTIVE
338,Melissa Jimenez,1256207565,2023-10-18 05:42:00,Bengaluru,Scooter,INACTIVE
339,Billy Smith,9686088462,2024-02-02 04:41:00,Delhi,Scooter,INACTIVE
340,Joseph Gonzalez,3400392483,2023-09-16 08:24:00,Mumbai,Bike,INACTIVE
341,Lindsey Mcdowell,8438037331,2024-07-11 05:25:00,Pune,Bike,ACTIVE
342,Zachary Miranda,8860944114,2023-12-27 22:09:00,Hyderabad,Scooter,INACTIVE
343,Peter James,4697566136,2024-03-21 04:36:00,Bengaluru,Cycle,INACTIVE
344,Carol Macdonald,4357623617,2023-01-15 15:02:00,Hyderabad,Scooter,INACTIVE
345,Susan Duran,3300140824,2023-09-17 00:27:00,Bengaluru,Scooter,INACTIVE
346,Matthew Thompson,9798529842,2024-04-04 10:02:00,Pune,Scooter,ACTIVE
347,Brian Sullivan,8471231079,2023-04-30 20:28:00,Hyderabad,Cycle,INACTIVE
348,Keith Jensen,2985194552,2024-06-07 22:36:00,Delhi,Scooter,INACTIVE
349,Thomas Carter,1189330102,2024-10-08 04:16:00,Delhi,Scooter,INACTIVE
350,April Rodriguez,5765810584,2023-06-03 08:58:00,Delhi,Cycle,INACTIVE
351,Thomas Wallace,1770261302,2024-02-16 15:30:00,Mumbai,Cycle,ACTIVE
352,Jeremy Maldonado,5033859516,2024-08-09 20:43:00,Bengaluru,Scooter,ACTIVE
353,Susan Ramos,5960050202,2023-05-19 14:20:00,Pune,Cycle,INACTIVE
354,Kathryn Rojas,8974043696,2023-02-14 14:47:00,Chennai,Bike,ACTIVE
355,Dr. Katherine Medina,0233446378,2023-11-18 08:52:00,Bengaluru,Bike,ACTIVE
356,Erica Christensen,4002180932,2024-03-24 07:57:00,Hyderabad,Scooter,ACTIVE
357,Amanda Logan,2534245278,2023-08-31 21:01:00,Mumbai,Bike,INACTIVE
358,Zachary Patterson,2877495858,2023-05-22 05:17:00,Delhi,Cycle,INACTIVE
359,Christopher Woodward,8274594148,2024-03-09 22:09:00,Hyderabad,Cycle,INACTIVE
360,Donald Carey,8203621631,2023-07-11 19:13:00,Pune,Scooter,ACTIVE
361,William Robinson,2247947853,2023-03-03 07:44:00,Delhi,Scooter,INACTIVE
362,Colin Roberson,1089566298,2024-05-24 09:10:00,Chennai,Cycle,ACTIVE
363,Julia Morris,0366392794,2024-07-26 10:39:00,Mumbai,Scooter,ACTIVE
364,Brenda Baldwin,9816735820,2024-12-23 10:25:00,Hyderabad,Bike,INACTIVE
365,Rebecca Robertson,1853727200,2023-05-30 16:25:00,Mumbai,Cycle,INACTIVE
366,Robin Nolan,1139238628,2023-01-05 22:06:00,Pune,Bike,ACTIVE
367,Pamela Mcdaniel,2344536675,2023-03-21 05:04:00,Pune,Scooter,INACTIVE
368,Melissa Mills,9855114683,2024-02-04 21:43:00,Bengaluru,Cycle,INACTIVE
369,Catherine Jackson,1729013274,2023-03-19 09:43:00,Hyderabad,Bike,ACTIVE
370,Jose Green,0621593188,2023-01-07 01:36:00,Hyderabad,Bike,INACTIVE
371,Judy Smith,8756012842,2024-02-06 12:08:00,Chennai,Cycle,INACTIVE
372,Cynthia Adkins,1600003374,2023-11-13 11:35:00,Delhi,Cycle,ACTIVE
373,Penny Scott,5999415680,2023-02-09 01:51:00,Bengaluru,Scooter,INACTIVE
374,Charles White,9056256645,2024-02-14 04:26:00,Chennai,Cycle,INACTIVE
375,Christina Gonzalez,9014646530,2023-11-02 22:12:00,Chennai,Bike,ACTIVE
376,Kimberly Vasquez,7463767477,2024-10-24 10:44:00,Mumbai,Cycle,ACTIVE
377,Brittany Lopez,8989305116,2023-12-15 22:42:00,Chennai,Cycle,INACTIVE
378,Mr. Christopher Ball,6192413210,2024-12-03 06:44:00,Bengaluru,Scooter,ACTIVE
379,Kayla Lynn,8014675938,2023-06-11 03:43:00,Pune,Scooter,INACTIVE
380,David Murphy,2150307743,2024-02-14 19:26:00,Bengaluru,Bike,INACTIVE
381,Kimberly Parker,1082635163,2023-03-02 21:24:00,Hyderabad,Cycle,INACTIVE
382,Sarah Diaz,1010297124,2023-03-09 04:01:00,Pune,Bike,ACTIVE
383,Brenda Clay,9389250663,2024-11-16 08:37:00,Bengaluru,Cycle,ACTIVE
384,Amanda Lopez,0475782766,2024-01-02 01:08:00,Bengaluru,Scooter,INACTIVE
385,Joseph Lewis,9983466702,2023-06-30 05:02:00,Pune,Scooter,INACTIVE
386,David Nelson,9718995535,2023-09-09 10:35:00,Hyderabad,Cycle,INACTIVE
387,Alex York,1966276761,2024-11-18 14:07:00,Delhi,Bike,INACTIVE
388,Mary Fisher,8675654742,2024-11-20 23:24:00,Delhi,Bike,INACTIVE
389,Timothy Rivera,4180124302,2023-07-17 09:42:00,Pune,Scooter,INACTIVE
390,Aaron Drake,0087013917,2023-03-23 02:47:00,Pune,Bike,ACTIVE
391,Brianna Davis,2615053380,2024-06-04 12:45:00,Chennai,Cycle,INACTIVE
392,Evelyn Miller,0721829612,2023-07-16 18:45:00,Hyderabad,Cycle,INACTIVE
393,Wesley Thomas,1613902271,2023-12-18 12:15:00,Hyderabad,Cycle,INACTIVE
394,Tyler Mcdonald,8094943786,2023-11-21 19:14:00,Chennai,Bike,ACTIVE
395,Julia Shah,4609227229,2023-09-24 02:22:00,Chennai,Scooter,INACTIVE
396,Kimberly Perez,2532515577,2023-06-17 18:04:00,Chennai,Bike,ACTIVE
397,Brenda Jefferson,0605106782,2023-02-20 03:22:00,Pune,Scooter,ACTIVE
398,Brianna Porter,8522171815,2023-01-21 22:29:00,Mumbai,Cycle,ACTIVE
399,Karen Hall,3005964548,2024-09-09 16:53:00,Pune,Cycle,INACTIVE
400,Elizabeth Phelps,2671521955,2023-10-29 21:57:00,Delhi,Bike,ACTIVE
401,Charles Brown,3208301910,2023-05-29 20:14:00,Chennai,Scooter,INACTIVE
402,Mr. Richard Jones,3567910044,2024-11-26 15:35:00,Hyderabad,Scooter,INACTIVE
403,Mary Molina,7179143182,2024-12-10 21:57:00,Chennai,Scooter,ACTIVE
404,Penny Davis,9603248246,2023-10-30 16:07:00,Pune,Bike,INACTIVE
405,Terry Hart,5267234156,2024-10-13 21:43:00,Pune,Cycle,INACTIVE
406,Pamela Wong,0178917547,2024-09-27 16:24:00,Mumbai,Cycle,ACTIVE
407,Travis Dixon,7085722946,2024-11-08 10:05:00,Bengaluru,Cycle,ACTIVE
408,Bradley Lopez,9287033594,2024-02-24 15:22:00,Chennai,Cycle,ACTIVE
409,Jeffrey Clark,5902188109,2023-01-23 01:05:00,Hyderabad,Cycle,INACTIVE
410,Brenda Scott,4650040381,2024-07-26 09:57:00,Delhi,Bike,ACTIVE
411,Lisa Norris,2800234686,2024-08-15 19:27:00,Mumbai,Bike,INACTIVE
412,Marie Estrada,7962825680,2024-10-13 08:51:00,Mumbai,Bike,ACTIVE
413,Lisa Hall,8656824468,2024-05-29 04:19:00,Pune,Scooter,INACTIVE
414,Miguel Sanchez,8664769832,2024-09-10 16:02:00,Bengaluru,Bike,INACTIVE
415,Brian Sweeney,1490941520,2024-06-12 20:12:00,Bengaluru,Bike,INACTIVE
416,Mary Ray,4553924960,2024-10-20 12:24:00,Pune,Cycle,ACTIVE
417,Matthew Hamilton,7272331502,2024-01-06 18:02:00,Chennai,Scooter,ACTIVE
418,David Hughes,7288811923,2023-09-28 23:09:00,Delhi,Scooter,INACTIVE
419,Daniel Rogers,0637864811,2023-04-30 22:12:00,Mumbai,Bike,INACTIVE
420,Steve Johnson,6186676663,2023-07-29 09:03:00,Delhi,Bike,INACTIVE
421,Alyssa Anderson,7776270048,2024-12-09 00:54:00,Hyderabad,Bike,INACTIVE
422,Sergio Walters,5216247818,2024-10-29 07:23:00,Bengaluru,Cycle,ACTIVE
423,Kelly White,9850365122,2024-08-28 11:13:00,Hyderabad,Cycle,INACTIVE
424,Courtney Oliver,1080822819,2023-09-02 11:00:00,Pune,Cycle,INACTIVE
425,Heather Vargas,0301354789,2023-11-30 21:08:00,Bengaluru,Cycle,INACTIVE
426,Alicia Larsen,4187789140,2023-08-03 23:35:00,Chennai,Bike,ACTIVE
427,Crystal Hawkins,5649953813,2024-06-19 05:34:00,Bengaluru,Cycle,ACTIVE
428,Jennifer Robinson,6056444389,2023-03-15 06:13:00,Pune,Scooter,ACTIVE
429,Patrick Lawrence,6308462206,2023-04-07 22:31:00,Hyderabad,Bike,INACTIVE
430,Robert Kramer,2364604788,2023-09-20 08:57:00,Pune,Cycle,ACTIVE
431,John Gonzalez,5084451491,2024-04-20 21:41:00,Pune,Bike,INACTIVE
432,Tanya Thornton,5283744203,2023-03-01 12:37:00,Bengaluru,Scooter,ACTIVE
433,Chelsea Porter,9521045220,2024-09-28 12:39:00,Chennai,Cycle,ACTIVE
434,Mary Brooks,7591826373,2024-10-15 13:43:00,Mumbai,Scooter,ACTIVE
435,Michael Arroyo,8182474147,2023-07-09 15:08:00,Pune,Bike,INACTIVE
436,Danny Harris,6322427376,2024-12-31 22:25:00,Mumbai,Bike,INACTIVE
437,Amanda Bartlett,6429263358,2023-12-09 15:27:00,Mumbai,Bike,INACTIVE
438,Kara Phillips,5920049213,2024-09-12 17:55:00,Bengaluru,Scooter,INACTIVE
439,Ryan Johnson,2229504222,2023-02-11 16:25:00,Hyderabad,Cycle,ACTIVE
440,Joseph Williams,4508534427,2024-03-27 20:37:00,Hyderabad,Scooter,INACTIVE
441,Penny Doyle MD,8607513108,2024-11-10 11:13:00,Mumbai,Cycle,ACTIVE
442,Cody Reese,9918399088,2024-09-27 20:06:00,Hyderabad,Scooter,ACTIVE
443,Brianna Watson,5041281857,2024-02-03 19:18:00,Bengaluru,Cycle,INACTIVE
444,Jasmine Galvan,9459025846,2024-01-06 09:27:00,Delhi,Bike,ACTIVE
445,Stephen Thompson,1936319146,2024-06-03 12:22:00,Pune,Cycle,ACTIVE
446,Jason Guzman,8606801413,2024-06-23 05:39:00,Pune,Bike,ACTIVE
447,Carol Stephens,7664043254,2023-04-14 14:18:00,Delhi,Bike,INACTIVE
448,Kenneth Miller,9368718862,2024-09-09 19:42:00,Delhi,Bike,INACTIVE
449,Steven Clark,4346242217,2023-10-18 15:14:00,Hyderabad,Cycle,INACTIVE
450,Lisa Ruiz,1040394173,2023-04-12 12:19:00,Chennai,Scooter,ACTIVE
451,Stephen Wolf,8740278078,2023-07-17 06:59:00,Bengaluru,Cycle,INACTIVE
452,Christopher Davis,9989184198,2024-08-10 07:46:00,Bengaluru,Cycle,ACTIVE
453,Angela Odom,6910010164,2024-10-18 10:11:00,Pune,Scooter,INACTIVE
454,Paula Hall,4191912891,2023-03-07 21:02:00,Pune,Cycle,ACTIVE
455,Raymond Smith,5707725733,2024-04-20 12:57:00,Delhi,Cycle,ACTIVE
456,Michael Parker,8780160897,2023-05-26 03:50:00,Bengaluru,Bike,ACTIVE
457,Kimberly Farley,8162684957,2023-06-25 17:01:00,Hyderabad,Scooter,INACTIVE
458,Kevin Mclaughlin,7410922535,2024-11-09 20:50:00,Hyderabad,Scooter,INACTIVE
459,Carla Sloan,3746401900,2023-02-27 00:10:00,Delhi,Bike,ACTIVE
460,Tina Diaz,7105639905,2023-11-30 07:45:00,Hyderabad,Cycle,ACTIVE
461,Jason Collins,0095781355,2024-10-27 14:23:00,Mumbai,Bike,ACTIVE
462,Lisa Schaefer,2173090584,2023-12-05 07:21:00,Pune,Scooter,ACTIVE
463,Matthew Taylor,2017481901,2023-06-24 18:59:00,Pune,Cycle,ACTIVE
464,Tommy Perry,3897012102,2024-12-26 16:59:00,Delhi,Cycle,INACTIVE
465,Eric Fisher,7263157973,2023-07-11 06:06:00,Pune,Cycle,INACTIVE
466,Julie Wright,7989048947,2023-11-21 06:38:00,Bengaluru,Bike,INACTIVE
467,Judith Stevenson,1428955137,2023-06-17 22:48:00,Delhi,Bike,INACTIVE
468,Timothy Dickson,3229046215,2023-05-18 22:24:00,Bengaluru,Scooter,INACTIVE
469,Anna Miller,9811368264,2024-04-01 20:34:00,Mumbai,Cycle,ACTIVE
470,Deborah Ward,3860201510,2023-11-14 22:13:00,Delhi,Scooter,INACTIVE
471,John Black,8570895596,2023-04-28 20:15:00,Chennai,Cycle,INACTIVE
472,Misty Rogers,5348649800,2024-11-06 09:13:00,Delhi,Cycle,INACTIVE
473,Joshua Shaw,8182730839,2023-06-30 21:36:00,Delhi,Cycle,ACTIVE
474,Michael House,4745762071,2024-07-20 09:29:00,Bengaluru,Cycle,ACTIVE
475,Amber Reynolds,9545984369,2024-05-19 15:14:00,Chennai,Bike,INACTIVE
476,Melissa Brown,0782284808,2024-04-06 07:48:00,Chennai,Cycle,INACTIVE
477,Christopher Davis,5498956988,2024-06-24 11:18:00,Bengaluru,Cycle,INACTIVE
478,Steven Peters,1358417600,2023-03-02 10:56:00,Chennai,Bike,ACTIVE
479,Katelyn Hines,8243115017,2023-12-24 03:01:00,Chennai,Bike,ACTIVE
480,Joshua Burke,1025335009,2023-07-16 03:03:00,Chennai,Cycle,INACTIVE
481,Trevor Roberts DVM,3371853321,2024-04-08 04:27:00,Bengaluru,Scooter,INACTIVE
482,John Mason,6803077297,2024-08-15 03:35:00,Delhi,Scooter,INACTIVE
483,James Taylor,0660571726,2024-02-29 14:39:00,Bengaluru,Cycle,INACTIVE
484,Ronald Martinez,3361153560,2024-02-17 15:40:00,Chennai,Scooter,ACTIVE
485,Ashley Mclaughlin,8010946314,2023-04-05 11:21:00,Bengaluru,Cycle,INACTIVE
486,Cory Howard,7478179360,2023-08-29 09:17:00,Bengaluru,Bike,ACTIVE
487,Paul Wyatt,3146952713,2023-07-09 13:23:00,Chennai,Scooter,INACTIVE
488,Anna Miller,4276250352,2024-04-09 12:55:00,Chennai,Scooter,INACTIVE
489,Dr. Barbara Moran,1790203235,2024-01-15 14:18:00,Chennai,Scooter,INACTIVE
490,Sherri Mcdonald,5510416283,2024-04-13 06:34:00,Chennai,Bike,INACTIVE
491,Colleen Mckenzie,7876122699,2024-05-06 10:16:00,Bengaluru,Bike,INACTIVE
492,Kristina Johnson,9193540662,2023-01-03 14:47:00,Hyderabad,Scooter,ACTIVE
493,Devin Sosa,0568135156,2023-06-05 08:14:00,Mumbai,Bike,INACTIVE
494,Tiffany Herrera,2839997255,2024-03-12 23:59:00,Mumbai,Bike,INACTIVE
495,Rebecca Gonzalez,2110277277,2024-12-20 16:33:00,Chennai,Bike,INACTIVE
496,Stephen Watts,9714069738,2023-04-11 12:48:00,Delhi,Bike,INACTIVE
497,Donald Leonard,6590389306,2023-08-14 00:25:00,Delhi,Bike,INACTIVE
498,Joseph Love,9259237577,2023-06-18 18:32:00,Hyderabad,Bike,INACTIVE
499,Erica Andrade,8818833393,2024-12-27 18:01:00,Bengaluru,Cycle,INACTIVE
500,Karen Thompson,0163517094,2023-06-02 19:45:00,Mumbai,Bike,INACTIVE
501,Jenna Graham,1376362177,2023-04-25 12:00:00,Bengaluru,Scooter,ACTIVE
502,William Rodriguez,4542178115,2023-02-21 14:44:00,Pune,Bike,INACTIVE
503,Christopher Strickland,8191116167,2024-09-10 01:51:00,Mumbai,Scooter,INACTIVE
504,Lindsay Lewis,1100771228,2023-03-01 11:19:00,Hyderabad,Bike,INACTIVE
505,Dana Carroll,7742448075,2023-05-02 04:04:00,Pune,Cycle,INACTIVE
506,Victoria Woods,9243338100,2024-03-29 20:46:00,Pune,Cycle,ACTIVE
507,Thomas Frazier,9947868538,2023-04-17 20:17:00,Hyderabad,Scooter,INACTIVE
508,Benjamin Khan,5115572659,2024-03-29 01:06:00,Hyderabad,Cycle,INACTIVE
509,Paul Kennedy,0763175789,2024-11-20 01:39:00,Hyderabad,Scooter,INACTIVE
510,Matthew Lang,1122163931,2024-09-22 14:20:00,Bengaluru,Bike,ACTIVE
511,Paula Lewis,1556693270,2024-09-11 17:27:00,Mumbai,Bike,INACTIVE
512,Kimberly Jones,0416241133,2024-07-08 17:38:00,Delhi,Cycle,INACTIVE
513,Elizabeth Ford,7343257510,2024-04-08 19:13:00,Hyderabad,Cycle,ACTIVE
514,Jessica Lopez,1938535668,2023-09-20 07:23:00,Pune,Scooter,INACTIVE
515,Morgan Chandler,8765642286,2024-06-27 13:22:00,Hyderabad,Cycle,INACTIVE
516,Mary Gould,4960362633,2023-07-01 15:15:00,Delhi,Cycle,ACTIVE
517,Monica Oneal,3611974248,2024-12-13 07:59:00,Bengaluru,Bike,INACTIVE
518,Anne Jordan,0944147045,2023-03-08 11:04:00,Delhi,Scooter,INACTIVE
519,Jennifer Brady,9865192306,2024-08-27 12:06:00,Bengaluru,Bike,ACTIVE
520,Vickie Mitchell,3832660282,2023-08-10 13:07:00,Pune,Bike,ACTIVE
521,Jennifer Brown,5483975421,2023-03-09 11:10:00,Pune,Scooter,ACTIVE
522,Jill Carpenter,9538350276,2023-10-11 00:36:00,Hyderabad,Bike,ACTIVE
523,Carl Thornton,3402872344,2023-10-28 13:50:00,Delhi,Cycle,ACTIVE
524,Maria Whitehead,0782962015,2024-10-18 08:11:00,Pune,Bike,INACTIVE
525,Joel Smith,0504326442,2023-11-30 01:54:00,Hyderabad,Scooter,ACTIVE
526,Christina Rowe,2440526872,2024-11-10 07:23:00,Chennai,Bike,INACTIVE
527,Mrs. Dana Saunders,1178594416,2024-08-06 13:56:00,Chennai,Bike,INACTIVE
528,Hannah Wilson,1414560407,2024-07-05 02:55:00,Mumbai,Bike,ACTIVE
529,Randy Griffin,7225145911,2024-01-09 03:37:00,Hyderabad,Cycle,ACTIVE
530,Jon Kelly,5761257547,2024-12-27 08:14:00,Pune,Cycle,ACTIVE
531,Erin Rangel,9311078732,2023-01-27 09:24:00,Pune,Cycle,ACTIVE
532,Joshua Jones,4327523123,2023-11-08 14:45:00,Chennai,Scooter,INACTIVE
533,Karen Black,6352111565,2024-09-04 08:56:00,Bengaluru,Scooter,ACTIVE
534,Brandon Cunningham,5676414939,2023-12-03 03:21:00,Hyderabad,Bike,INACTIVE
535,David Wilson,1656489892,2023-06-09 16:52:00,Hyderabad,Cycle,ACTIVE
536,William Herman,9995389900,2024-12-21 21:21:00,Bengaluru,Cycle,ACTIVE
537,Erika Campos,4043026729,2024-03-20 18:15:00,Hyderabad,Bike,ACTIVE
538,Kelly Wallace,7113430306,2024-09-30 17:05:00,Pune,Cycle,ACTIVE
539,Mrs. Lindsay Jones,8664164834,2024-10-17 14:25:00,Hyderabad,Bike,INACTIVE
540,Seth Carpenter,9774264587,2023-11-12 02:45:00,Pune,Cycle,INACTIVE
541,Justin Gray,7110183474,2024-02-03 03:16:00,Bengaluru,Scooter,INACTIVE
542,Benjamin Cruz,4384597665,2024-12-02 05:11:00,Hyderabad,Scooter,ACTIVE
543,Emily Patrick MD,2012988547,2023-01-03 13:58:00,Pune,Bike,ACTIVE
544,Melissa Sullivan,4785508420,2023-12-17 17:42:00,Chennai,Scooter,ACTIVE
545,Ruth Williams,4565770845,2023-10-14 23:09:00,Bengaluru,Scooter,INACTIVE
546,Lindsay Williams,6084892932,2024-05-11 23:21:00,Hyderabad,Cycle,INACTIVE
547,Kathryn Stone,1467670186,2024-12-19 16:31:00,Mumbai,Scooter,ACTIVE
548,Gene Gordon,3407453669,2023-02-04 07:52:00,Bengaluru,Bike,ACTIVE
549,Audrey Orr,7700238199,2024-01-10 02:12:00,Chennai,Cycle,INACTIVE
550,Roger Burnett,7441406996,2023-04-05 15:16:00,Delhi,Cycle,INACTIVE
551,Michael Miller,1979648406,2023-07-02 05:11:00,Chennai,Scooter,INACTIVE
552,Kevin Kelly,0575270323,2024-10-10 15:58:00,Pune,Scooter,ACTIVE
553,Julia Walker,8219855588,2024-09-16 09:13:00,Hyderabad,Scooter,ACTIVE
554,Bruce Soto,0865035780,2023-07-05 12:23:00,Bengaluru,Cycle,ACTIVE
555,David Oliver,6288887120,2023-03-26 00:20:00,Mumbai,Scooter,ACTIVE
556,John Strong,7487663031,2023-08-06 08:57:00,Hyderabad,Bike,ACTIVE
557,Christopher Ali,1657598550,2024-03-29 16:35:00,Chennai,Scooter,ACTIVE
558,Leon Rodgers,2431616529,2024-06-28 11:10:00,Hyderabad,Scooter,ACTIVE
559,Anthony Long,8834039593,2024-03-08 17:16:00,Mumbai,Bike,INACTIVE
560,William Randall,6488281537,2024-01-15 09:00:00,Mumbai,Cycle,INACTIVE
561,Megan Martin,3160754890,2023-09-20 18:22:00,Mumbai,Bike,ACTIVE
562,Tiffany Eaton,3088130562,2024-06-19 21:37:00,Bengaluru,Bike,ACTIVE
563,Joseph Morton,4421143836,2023-11-17 22:07:00,Delhi,Scooter,INACTIVE
564,Erica Chapman,4982119748,2024-09-08 09:26:00,Bengaluru,Cycle,INACTIVE
565,Nicholas Quinn,2934863218,2023-04-16 07:11:00,Hyderabad,Cycle,INACTIVE
566,Kiara Baird,6994952433,2024-01-13 08:28:00,Mumbai,Bike,INACTIVE
567,Jason Stewart,0752674773,2024-01-06 00:28:00,Hyderabad,Bike,INACTIVE
568,Michael Clark,1975511657,2023-09-06 04:00:00,Pune,Scooter,ACTIVE
569,Daniel Roth,4165186787,2023-11-24 05:06:00,Chennai,Cycle,ACTIVE
570,Lisa Wood,0042347416,2023-05-31 09:30:00,Mumbai,Scooter,ACTIVE
571,Andre Jordan,3860883897,2023-04-09 06:58:00,Hyderabad,Scooter,INACTIVE
572,David Little,6935804317,2024-08-12 14:45:00,Delhi,Scooter,ACTIVE
573,Jordan Rodriguez,7320595455,2024-07-18 00:13:00,Pune,Bike,ACTIVE
574,Natalie Simmons,9196598317,2024-01-18 00:38:00,Bengaluru,Scooter,INACTIVE
575,Kevin Smith,6918893416,2024-12-08 11:07:00,Delhi,Cycle,ACTIVE
576,Jessica Morgan,7379069901,2023-11-09 17:41:00,Mumbai,Cycle,INACTIVE
577,Mrs. Patricia Hernandez,3328788543,2023-02-12 16:14:00,Chennai,Cycle,ACTIVE
578,Kevin Jefferson,3531512153,2024-06-15 12:56:00,Mumbai,Scooter,INACTIVE
579,Lindsay Taylor,2304265549,2024-06-18 15:02:00,Chennai,Bike,ACTIVE
580,Janice Taylor,9841524166,2024-04-07 00:47:00,Pune,Bike,INACTIVE
581,Austin Spencer,5793638858,2024-06-02 15:48:00,Chennai,Bike,INACTIVE
582,Dalton Hayes,9250167641,2023-01-20 17:52:00,Bengaluru,Scooter,INACTIVE
583,Henry Smith,9026476688,2024-07-05 04:32:00,Chennai,Bike,INACTIVE
584,Jennifer Davis,1680977269,2023-05-28 06:55:00,Chennai,Cycle,ACTIVE
585,Megan Garrett,1060837532,2024-02-23 15:42:00,Delhi,Bike,ACTIVE
586,Michael Curry,6584562172,2023-03-28 12:37:00,Mumbai,Bike,INACTIVE
587,Charles Hancock,4867546697,2023-01-26 07:20:00,Delhi,Bike,INACTIVE
588,Donna Shah,3437489117,2024-03-30 16:16:00,Delhi,Scooter,INACTIVE
589,Cristian White,9445650356,2023-08-05 16:38:00,Bengaluru,Bike,INACTIVE
590,Isaac Logan MD,6238908151,2024-08-27 20:03:00,Hyderabad,Scooter,ACTIVE
591,Kevin Santos,2455882144,2024-06-21 01:03:00,Chennai,Scooter,ACTIVE
592,Tristan Simpson,1641509363,2024-06-02 06:17:00,Hyderabad,Cycle,ACTIVE
593,Emily Bradshaw,9820261897,2023-06-30 05:07:00,Chennai,Bike,INACTIVE
594,Julia Perez,4263497153,2023-12-05 15:27:00,Chennai,Cycle,INACTIVE
595,Benjamin Collier,0462120960,2023-07-19 22:01:00,Pune,Scooter,INACTIVE
596,Melissa Flowers,5458911981,2023-10-23 11:20:00,Bengaluru,Bike,INACTIVE
597,Allison Garcia,4820961875,2024-01-28 05:16:00,Mumbai,Bike,ACTIVE
598,Charles Brown,4216167737,2024-07-08 22:25:00,Mumbai,Scooter,INACTIVE
599,Aaron Clark,2665694261,2023-09-20 23:05:00,Delhi,Bike,INACTIVE
600,Andrew Hurst,9079174901,2023-05-05 07:09:00,Hyderabad,Bike,INACTIVE
601,Dylan Jones,5924905077,2023-03-18 19:04:00,Chennai,Scooter,ACTIVE
602,Mr. Jason Gardner,3029071510,2024-03-18 19:27:00,Hyderabad,Cycle,ACTIVE
603,Jorge Barnes,1173079369,2024-09-11 20:26:00,Delhi,Scooter,ACTIVE
604,Rachel White,8987989353,2023-02-07 13:07:00,Chennai,Cycle,ACTIVE
605,Tyler Gonzalez,1348772537,2024-06-15 05:11:00,Hyderabad,Bike,ACTIVE
606,Melissa Huynh,4949217292,2024-01-26 04:58:00,Hyderabad,Cycle,INACTIVE
607,Richard Dominguez,3387360192,2023-01-16 10:26:00,Chennai,Bike,INACTIVE
608,David Russell,6919404122,2024-06-03 12:44:00,Chennai,Scooter,ACTIVE
609,Nicole Kelly,0860716840,2023-02-28 08:22:00,Pune,Cycle,ACTIVE
610,Anthony Martin,7726220625,2024-10-11 00:25:00,Delhi,Scooter,INACTIVE
611,Stephanie Robinson,0485972702,2024-10-28 22:12:00,Pune,Bike,INACTIVE
612,Emily Guzman,7437448759,2024-10-03 01:10:00,Chennai,Cycle,INACTIVE
613,Teresa Suarez,2842046548,2024-09-20 10:14:00,Bengaluru,Bike,ACTIVE
614,Joshua Gray,3287926994,2023-11-23 05:44:00,Hyderabad,Cycle,ACTIVE
615,Mr. Kenneth Cruz,9400048455,2024-11-24 18:43:00,Hyderabad,Cycle,INACTIVE
616,David Adkins II,7905661624,2023-02-01 17:55:00,Bengaluru,Bike,ACTIVE
617,Debra Miller,7535004233,2024-04-16 03:23:00,Delhi,Cycle,ACTIVE
618,Jason Bowen,0238175136,2023-07-29 13:39:00,Bengaluru,Bike,INACTIVE
619,Crystal Clark,4328563228,2024-06-07 01:00:00,Hyderabad,Cycle,INACTIVE
620,Donald Rodriguez,5655757047,2024-07-25 22:36:00,Hyderabad,Scooter,INACTIVE
621,Benjamin Martin,7033421787,2023-10-06 07:08:00,Pune,Bike,ACTIVE
622,Daniel Kirby,1119886406,2023-07-23 05:55:00,Pune,Cycle,INACTIVE
623,Alexandria Diaz,5484549925,2024-05-22 14:13:00,Mumbai,Cycle,ACTIVE
624,Veronica Johnston,6174649624,2023-03-16 20:02:00,Bengaluru,Cycle,ACTIVE
625,Deborah Hurst,8077674915,2023-11-08 07:57:00,Hyderabad,Scooter,ACTIVE
626,Peter Wood,3560277640,2023-02-17 20:10:00,Pune,Cycle,INACTIVE
627,Kurt Lewis,9550796508,2023-12-04 12:49:00,Hyderabad,Cycle,INACTIVE
628,Sonya James,7381715369,2023-06-30 04:00:00,Hyderabad,Bike,ACTIVE
629,Kelsey Walker,2364288058,2023-03-09 17:56:00,Chennai,Scooter,INACTIVE
630,Kimberly Ali,4809202160,2024-04-18 05:40:00,Hyderabad,Bike,ACTIVE
631,Angela Leon,0675363029,2023-04-18 04:11:00,Mumbai,Scooter,INACTIVE
632,Lawrence Davis,8217562827,2024-09-25 23:36:00,Pune,Scooter,INACTIVE
633,Marcus Wheeler,0626873610,2023-01-08 07:24:00,Bengaluru,Bike,ACTIVE
634,Sara Morse,0182070337,2023-04-20 04:32:00,Bengaluru,Scooter,ACTIVE
635,Shane Sawyer,1520461155,2024-04-03 00:34:00,Delhi,Bike,ACTIVE
636,Karen Rogers,5444987300,2023-05-24 16:51:00,Delhi,Cycle,ACTIVE
637,Maria Romero,1862566592,2023-03-23 18:11:00,Delhi,Cycle,ACTIVE
638,Anthony Harrison,9287411818,2023-01-25 14:08:00,Mumbai,Bike,INACTIVE
639,Andrew Lee,2647815381,2023-04-30 13:00:00,Delhi,Bike,INACTIVE
640,Elizabeth Harvey,9430828115,2023-06-21 13:31:00,Bengaluru,Cycle,ACTIVE
641,Ronald Hunt,8063353675,2023-01-10 19:37:00,Delhi,Bike,ACTIVE
642,Stephanie Brewer,1160700649,2023-02-13 00:38:00,Bengaluru,Scooter,ACTIVE
643,Karen Wiley,5478697356,2023-11-28 02:11:00,Mumbai,Scooter,ACTIVE
644,Lisa Berg,2579034523,2023-06-09 06:39:00,Hyderabad,Cycle,ACTIVE
645,William Parrish,9558134869,2023-03-18 07:20:00,Chennai,Scooter,ACTIVE
646,Adam Conway,6451716547,2023-06-30 01:01:00,Hyderabad,Cycle,ACTIVE
647,Elizabeth Griffin,6375285681,2024-09-03 10:38:00,Bengaluru,Bike,INACTIVE
648,Steven Cox,7393304809,2024-02-02 21:01:00,Pune,Bike,ACTIVE
649,Eric Miller,1054447999,2024-02-17 01:13:00,Pune,Scooter,ACTIVE
650,Rachel Clay,1323066918,2024-05-17 05:20:00,Bengaluru,Cycle,INACTIVE
651,Bonnie Wood,9690317639,2024-01-09 01:39:00,Chennai,Cycle,ACTIVE
652,James Cooper,9459426784,2024-03-20 06:59:00,Chennai,Cycle,INACTIVE
653,Tina Grant,9714223690,2023-08-23 08:13:00,Mumbai,Scooter,ACTIVE
654,Christine Lamb,1496968607,2023-04-25 13:43:00,Chennai,Bike,INACTIVE
655,Shawn Kemp,9541234708,2023-05-16 11:06:00,Bengaluru,Bike,INACTIVE
656,Laura Estrada,8095634907,2024-08-13 09:17:00,Pune,Bike,INACTIVE
657,Bradley Miller,1358961282,2023-09-08 01:12:00,Delhi,Cycle,ACTIVE
658,Stephen Johnson,4743911094,2023-12-13 03:25:00,Mumbai,Bike,ACTIVE
659,Ellen Torres,1757937367,2023-01-31 20:11:00,Pune,Scooter,ACTIVE
660,Madison Hughes,4174699013,2023-02-26 20:01:00,Mumbai,Scooter,ACTIVE
661,Veronica Roach,3006221946,2024-05-04 10:33:00,Bengaluru,Cycle,ACTIVE
662,Melinda Jones,9912110140,2023-12-13 19:21:00,Chennai,Cycle,INACTIVE
663,Julie Murphy,0462517963,2024-02-29 11:31:00,Mumbai,Bike,ACTIVE
664,Darren Carr,4129556490,2023-08-16 13:06:00,Mumbai,Cycle,INACTIVE
665,Leslie West,6951179595,2024-05-07 09:29:00,Mumbai,Bike,ACTIVE
666,Jaime White,7199529230,2024-08-25 10:55:00,Hyderabad,Bike,ACTIVE
667,Antonio Sanchez,3013196329,2023-01-29 18:51:00,Delhi,Bike,INACTIVE
668,Wanda Graves,5194395202,2023-05-26 23:16:00,Pune,Scooter,INACTIVE
669,Haley Nelson DDS,1009147730,2023-02-14 03:09:00,Chennai,Scooter,INACTIVE
670,John Freeman,3742522014,2024-06-15 08:13:00,Chennai,Bike,INACTIVE
671,Richard Frazier,0731223585,2024-02-05 12:22:00,Bengaluru,Bike,ACTIVE
672,Dakota Hughes,6592203636,2024-08-14 08:43:00,Chennai,Scooter,INACTIVE
673,Wayne White,6141102727,2024-06-07 23:03:00,Chennai,Cycle,INACTIVE
674,Victoria Robinson DDS,5429319432,2024-02-02 09:48:00,Chennai,Bike,ACTIVE
675,Anthony Rivera,1589976104,2023-04-11 17:08:00,Bengaluru,Cycle,ACTIVE
676,Richard Rivera,1678801974,2023-05-24 07:17:00,Mumbai,Bike,ACTIVE
677,Christopher Hansen,2203988904,2024-01-20 11:52:00,Bengaluru,Cycle,ACTIVE
678,Kathryn Anderson,5159045855,2024-02-20 00:32:00,Hyderabad,Bike,INACTIVE
679,Ariel Williamson,1219442356,2023-12-24 01:06:00,Pune,Scooter,ACTIVE
680,Daniel Scott,8051621580,2024-08-15 05:30:00,Pune,Scooter,INACTIVE
681,Jared Perez,4693359196,2024-10-11 12:05:00,Bengaluru,Scooter,INACTIVE
682,Steven Hays,2491679649,2023-04-07 13:21:00,Chennai,Bike,ACTIVE
683,Morgan Morgan,4581639551,2024-11-20 21:45:00,Hyderabad,Cycle,INACTIVE
684,Joan Stephens MD,4543706460,2023-07-20 20:37:00,Chennai,Scooter,INACTIVE
685,Julie Morgan,9038595248,2024-03-11 18:21:00,Chennai,Cycle,INACTIVE
686,Ryan Chavez,0489348320,2023-06-18 00:20:00,Mumbai,Bike,INACTIVE
687,Lucas Robinson,0203565982,2024-07-23 16:35:00,Bengaluru,Bike,ACTIVE
688,Hector Lee,4067173846,2024-01-28 22:59:00,Delhi,Bike,INACTIVE
689,Carol Barrett,3769414675,2024-05-14 12:51:00,Delhi,Bike,INACTIVE
690,Monica Clark,5102156656,2023-10-26 04:52:00,Chennai,Cycle,INACTIVE
691,Susan Roberts,8725831858,2023-04-28 23:25:00,Hyderabad,Scooter,INACTIVE
692,Linda Warner,3519312777,2023-12-12 07:26:00,Bengaluru,Scooter,INACTIVE
693,Ashley Garcia,6167652665,2024-08-17 12:34:00,Delhi,Bike,ACTIVE
694,Vincent Lewis,8404244515,2023-02-20 04:57:00,Chennai,Cycle,ACTIVE
695,Christina Gardner,8704907584,2024-03-12 19:53:00,Delhi,Scooter,INACTIVE
696,David Gray,0617940348,2023-07-20 10:45:00,Pune,Scooter,ACTIVE
697,Lorraine Barker,6499976205,2024-04-04 23:28:00,Mumbai,Cycle,INACTIVE
698,Donald Arroyo,9381314092,2023-07-28 14:05:00,Chennai,Bike,ACTIVE
699,Travis Gregory,6344181024,2024-09-16 00:50:00,Hyderabad,Cycle,ACTIVE
700,James Sanders,3162361378,2023-09-25 11:02:00,Bengaluru,Cycle,ACTIVE
701,Michele Brown,0353954998,2023-09-28 14:41:00,Chennai,Scooter,INACTIVE
702,Jason Williams,8496816461,2023-02-12 05:08:00,Mumbai,Scooter,ACTIVE
703,Denise Sullivan,1011316594,2024-03-26 10:05:00,Bengaluru,Scooter,ACTIVE
704,Diana Watkins,3049580049,2024-03-14 00:26:00,Mumbai,Bike,INACTIVE
705,John Jones,5879218966,2023-06-23 11:27:00,Delhi,Bike,ACTIVE
706,Alec Wells,3526164908,2023-07-12 08:41:00,Chennai,Bike,INACTIVE
707,Natalie Hartman,7308558956,2024-03-07 06:21:00,Mumbai,Cycle,ACTIVE
708,Phillip Walker,5162108788,2024-08-12 11:49:00,Delhi,Bike,INACTIVE
709,Thomas Gutierrez MD,8518100017,2024-01-14 09:04:00,Chennai,Bike,ACTIVE
710,Jennifer White,2705833034,2024-02-02 08:26:00,Pune,Cycle,ACTIVE
711,Kristin Briggs,9921458455,2023-12-26 18:45:00,Delhi,Cycle,ACTIVE
712,Hannah Brandt,6850295451,2024-07-20 03:52:00,Pune,Bike,ACTIVE
713,Sheri Villarreal,6311958886,2023-08-05 20:51:00,Chennai,Scooter,ACTIVE
714,Earl Barnes,0030386547,2023-01-27 18:32:00,Mumbai,Cycle,INACTIVE
715,John Reyes,8522642403,2024-10-29 22:33:00,Delhi,Scooter,ACTIVE
716,Mrs. Courtney Johnson,9928153601,2023-05-20 02:04:00,Pune,Scooter,INACTIVE
717,Jacob Castro,1629133402,2023-10-12 13:57:00,Pune,Scooter,INACTIVE
718,Tim Clayton,8554273408,2024-04-19 18:56:00,Delhi,Scooter,ACTIVE
719,Juan Fields,0377420652,2023-12-05 01:37:00,Hyderabad,Scooter,INACTIVE
720,Leah Swanson,5415274920,2023-03-01 23:13:00,Bengaluru,Cycle,INACTIVE
721,Alfred Daugherty,0450955567,2023-09-11 19:34:00,Hyderabad,Cycle,ACTIVE
722,Robert Humphrey,2256755680,2023-12-31 15:59:00,Bengaluru,Cycle,ACTIVE
723,Samantha Fry,8888246939,2024-06-10 14:44:00,Bengaluru,Bike,ACTIVE
724,Gary Curtis,0897810780,2024-06-17 11:45:00,Chennai,Scooter,ACTIVE
725,Melissa Burns,6061469722,2023-09-14 08:08:00,Hyderabad,Cycle,ACTIVE
726,Amber Jacobson,4343854395,2023-11-27 23:19:00,Delhi,Bike,ACTIVE
727,Anna Pitts,2424256066,2023-09-10 06:20:00,Chennai,Cycle,INACTIVE
728,Jennifer Pierce,6444686099,2023-12-12 19:15:00,Bengaluru,Cycle,ACTIVE
729,Mrs. Lori Garcia MD,7288815667,2024-07-30 18:03:00,Bengaluru,Scooter,ACTIVE
730,Brenda Lee,4571418814,2024-06-26 07:00:00,Hyderabad,Bike,INACTIVE
731,Ronnie Armstrong,2012828479,2023-07-19 00:30:00,Pune,Scooter,ACTIVE
732,Michael Wilson,9707974759,2023-01-16 22:53:00,Hyderabad,Bike,ACTIVE
733,Caleb Mcdonald,2233497942,2023-08-21 19:11:00,Hyderabad,Scooter,ACTIVE
734,Wayne Martin,9942142982,2023-04-18 14:42:00,Chennai,Scooter,INACTIVE
735,Timothy Wilson,5647394061,2024-02-16 20:13:00,Mumbai,Cycle,ACTIVE
736,Kevin Serrano,0853389039,2024-08-18 22:04:00,Bengaluru,Cycle,ACTIVE
737,Mark Potter,0346989931,2023-12-03 00:26:00,Pune,Bike,INACTIVE
738,Kiara Flynn,9664539217,2023-02-05 20:32:00,Delhi,Scooter,INACTIVE
739,Clinton Dixon,3100691436,2023-11-10 11:53:00,Chennai,Scooter,ACTIVE
740,Nicholas Stewart,9475520662,2024-03-22 20:10:00,Bengaluru,Scooter,ACTIVE
741,Anthony Blake,8696212821,2024-06-06 15:31:00,Pune,Scooter,ACTIVE
742,Jeffery Baker,5597160493,2024-07-19 21:57:00,Delhi,Bike,ACTIVE
743,Brian Coleman,3262086273,2024-12-09 21:37:00,Delhi,Cycle,INACTIVE
744,Paul Patterson,1255166805,2024-02-28 16:54:00,Pune,Cycle,INACTIVE
745,Tyler Thompson,2071346243,2024-09-05 15:45:00,Hyderabad,Bike,INACTIVE
746,Alexander Parker,2436774739,2023-07-04 13:57:00,Mumbai,Bike,INACTIVE
747,Donald Jones,1686201042,2023-08-12 05:42:00,Delhi,Bike,INACTIVE
748,David Wells,6754189075,2023-02-13 06:30:00,Chennai,Cycle,ACTIVE
749,Wesley Adams,0092068809,2024-08-07 22:45:00,Bengaluru,Scooter,INACTIVE
750,Ashley Beck,1140637410,2024-02-20 10:57:00,Chennai,Bike,INACTIVE
751,Taylor Carroll,1163449647,2023-03-06 23:23:00,Mumbai,Scooter,ACTIVE
752,Kyle Meyer,0697205342,2023-01-22 15:18:00,Pune,Cycle,ACTIVE
753,Mario Ortiz,5444450845,2023-06-03 19:42:00,Hyderabad,Scooter,INACTIVE
754,Melissa Keith,1775954479,2024-12-12 18:40:00,Bengaluru,Cycle,INACTIVE
755,Neil Johnson,3398844956,2023-02-04 12:05:00,Chennai,Cycle,ACTIVE
756,Ryan Fry,7438123542,2024-08-20 03:31:00,Pune,Bike,ACTIVE
757,Sheila Johnson,6361645424,2024-11-28 09:08:00,Mumbai,Bike,INACTIVE
758,Lauren Jones,8783511066,2023-09-04 15:04:00,Delhi,Cycle,ACTIVE
759,Richard Cowan PhD,5419443553,2024-04-18 08:30:00,Hyderabad,Bike,ACTIVE
760,Kelli Freeman,4751860580,2023-08-12 02:34:00,Hyderabad,Scooter,ACTIVE
761,David Reeves,8388081075,2023-10-22 02:33:00,Mumbai,Scooter,INACTIVE
762,Jared Mclean,9707192763,2023-05-03 14:55:00,Chennai,Cycle,ACTIVE
763,Christian Ruiz,7806956516,2024-02-28 04:14:00,Bengaluru,Bike,INACTIVE
764,Charles Sanders,5504620750,2024-04-17 13:01:00,Mumbai,Bike,INACTIVE
765,Robert Phillips,3990754121,2023-07-29 08:42:00,Pune,Cycle,INACTIVE
766,James Nguyen,5992054697,2023-08-23 11:44:00,Delhi,Bike,INACTIVE
767,Douglas Brooks,4461382742,2023-11-28 11:54:00,Pune,Scooter,INACTIVE
768,Sandra Hill,8361011641,2023-07-18 02:11:00,Chennai,Bike,INACTIVE
769,Matthew Edwards,2989664035,2024-06-08 18:13:00,Delhi,Cycle,ACTIVE
770,Marie Flores,4343106756,2024-02-19 13:44:00,Mumbai,Scooter,ACTIVE
771,Walter Thompson,7256353250,2023-01-15 18:37:00,Chennai,Cycle,INACTIVE
772,Rachel Watson,0472551590,2023-08-17 18:43:00,Mumbai,Bike,ACTIVE
773,Howard Leon,0771678000,2023-11-02 18:40:00,Chennai,Scooter,INACTIVE
774,Christopher Jones,4541605691,2024-06-03 03:33:00,Pune,Scooter,INACTIVE
775,Linda Foster,6132006742,2023-01-11 17:43:00,Hyderabad,Bike,INACTIVE
776,Ms. Megan Mcgee DVM,0043407409,2023-03-12 17:20:00,Chennai,Cycle,ACTIVE
777,Alison Horn,5511926049,2024-11-18 04:25:00,Delhi,Scooter,INACTIVE
778,Jeffrey Caldwell,4900917206,2023-07-09 18:58:00,Hyderabad,Bike,INACTIVE
779,Melissa Gardner,7687333222,2023-03-09 15:57:00,Mumbai,Scooter,INACTIVE
780,Jacob Perez II,3641425830,2023-02-04 18:36:00,Pune,Bike,INACTIVE
781,Jennifer Fuentes,5445020487,2023-07-26 02:40:00,Delhi,Cycle,ACTIVE
782,Michael Gill,9611883683,2024-12-07 03:11:00,Hyderabad,Bike,ACTIVE
783,Shannon Berry,5017010335,2024-04-07 04:33:00,Mumbai,Cycle,ACTIVE
784,Jessica Harrison,3485036884,2024-06-16 00:14:00,Delhi,Scooter,ACTIVE
785,Denise Wallace,0313334702,2024-10-27 07:49:00,Bengaluru,Cycle,ACTIVE
786,Raymond Norton,1973415918,2023-10-11 19:22:00,Bengaluru,Cycle,ACTIVE
787,Jeffrey Allen,4352117236,2024-02-16 09:46:00,Pune,Scooter,INACTIVE
788,Robert Hall,6944610934,2024-08-17 06:18:00,Chennai,Scooter,ACTIVE
789,Brian Smith,7885263431,2024-07-28 23:34:00,Pune,Cycle,ACTIVE
790,Joseph Williams,1476113247,2023-07-28 07:58:00,Chennai,Scooter,ACTIVE
791,Carl Parker DDS,5043414044,2024-12-16 05:30:00,Chennai,Scooter,ACTIVE
792,Peggy Holmes,2009354041,2024-07-25 02:33:00,Delhi,Scooter,ACTIVE
793,Adam Black,6309344329,2024-11-05 19:47:00,Mumbai,Scooter,ACTIVE
794,Sarah Martin,9710145541,2023-02-04 05:58:00,Bengaluru,Bike,INACTIVE
795,Tricia Shelton,9085107534,2024-05-13 02:09:00,Pune,Bike,ACTIVE
796,Gary Hughes,7973836640,2023-09-08 17:11:00,Delhi,Bike,INACTIVE
797,Eric Watson,9432366954,2024-06-17 15:31:00,Pune,Bike,ACTIVE
798,Janet Jones,5900640656,2024-06-07 16:49:00,Delhi,Cycle,ACTIVE
799,Veronica Davis,5195383328,2024-04-28 05:27:00,Pune,Cycle,INACTIVE
800,Crystal Williams,3010057294,2024-06-27 17:22:00,Bengaluru,Bike,INACTIVE
